naics_code,year,industry_label,value_added,gross_output,intermediate_inputs,va_go_ratio
23,1997,Construction,339.6,709.1,369.5,0.4789
23,1998,Construction,379.8,779.6,399.8,0.4872
23,1999,Construction,417.7,841.6,423.9,0.4963
23,2000,Construction,461.2,913.8,452.6,0.5047
23,2001,Construction,486.4,956.8,470.4,0.5084
23,2002,Construction,493.5,969.9,476.3,0.5088
23,2003,Construction,525.2,1039.4,514.2,0.5053
23,2004,Construction,584.6,1158.0,573.4,0.5048
23,2005,Construction,651.6,1287.1,635.5,0.5063
23,2006,Construction,697.1,1353.6,656.6,0.515
23,2007,Construction,715.7,1338.9,623.2,0.5345
23,2008,Construction,649.3,1275.8,626.5,0.5089
23,2009,Construction,565.4,1098.7,533.3,0.5146
23,2010,Construction,525.7,1016.6,490.9,0.5171
23,2011,Construction,525.6,1020.5,494.8,0.515
23,2012,Construction,554.9,1075.5,520.5,0.5159
23,2013,Construction,594.7,1158.8,564.1,0.5132
23,2014,Construction,649.9,1264.7,614.7,0.5139
23,2015,Construction,715.3,1395.5,680.1,0.5126
23,2016,Construction,776.8,1508.6,731.8,0.5149
23,2017,Construction,840.2,1578.0,737.7,0.5324
23,2018,Construction,889.1,1662.0,772.9,0.535
23,2019,Construction,953.0,1732.2,779.2,0.5502
23,2020,Construction,958.7,1804.4,845.7,0.5313
23,2021,Construction,1012.1,1985.6,973.5,0.5097
23,2022,Construction,1112.4,2204.0,1091.6,0.5047
23,2023,Construction,1224.6,2389.0,1164.5,0.5126
23,2024,Construction,1305.4,2511.5,1206.1,0.5198
31-33,1997,Manufacturing,1382.9,3897.8,2514.9,0.3548
31-33,1998,Manufacturing,1430.6,3963.3,2532.7,0.361
31-33,1999,Manufacturing,1489.6,4082.2,2592.6,0.3649
31-33,2000,Manufacturing,1549.8,4290.7,2740.9,0.3612
31-33,2001,Manufacturing,1473.5,4049.5,2575.9,0.3639
31-33,2002,Manufacturing,1468.3,3972.2,2503.8,0.3696
31-33,2003,Manufacturing,1524.0,4050.9,2526.9,0.3762
31-33,2004,Manufacturing,1607.8,4359.6,2751.8,0.3688
31-33,2005,Manufacturing,1692.5,4805.0,3112.5,0.3522
31-33,2006,Manufacturing,1793.5,5092.3,3298.8,0.3522
31-33,2007,Manufacturing,1845.8,5405.4,3559.6,0.3415
31-33,2008,Manufacturing,1799.6,5493.0,3693.4,0.3276
31-33,2009,Manufacturing,1695.8,4513.5,2817.7,0.3757
31-33,2010,Manufacturing,1788.3,5018.9,3230.6,0.3563
31-33,2011,Manufacturing,1863.1,5595.3,3732.2,0.333
31-33,2012,Manufacturing,1921.3,5776.3,3855.0,0.3326
31-33,2013,Manufacturing,1970.5,5927.8,3957.2,0.3324
31-33,2014,Manufacturing,2009.7,5998.8,3989.1,0.335
31-33,2015,Manufacturing,2071.1,5660.0,3588.8,0.3659
31-33,2016,Manufacturing,2035.2,5483.6,3448.4,0.3711
31-33,2017,Manufacturing,2109.7,5676.6,3566.9,0.3716
31-33,2018,Manufacturing,2261.8,6043.4,3781.6,0.3743
31-33,2019,Manufacturing,2268.8,5941.4,3672.6,0.3819
31-33,2020,Manufacturing,2156.8,5410.4,3253.7,0.3986
31-33,2021,Manufacturing,2416.3,6308.4,3892.0,0.383
31-33,2022,Manufacturing,2668.2,7132.5,4464.3,0.3741
31-33,2023,Manufacturing,2816.5,7142.6,4326.1,0.3943
31-33,2024,Manufacturing,2880.7,7134.6,4253.9,0.4038
325,1997,Chemical manufacturing,,417.6,244.2,
325,1998,Chemical manufacturing,,422.4,241.4,
325,1999,Chemical manufacturing,,430.5,241.7,
325,2000,Chemical manufacturing,,454.8,266.9,
325,2001,Chemical manufacturing,,446.8,253.0,
325,2002,Chemical manufacturing,,471.4,263.6,
325,2003,Chemical manufacturing,,491.7,281.0,
325,2004,Chemical manufacturing,,546.7,319.9,
325,2005,Chemical manufacturing,,610.8,387.8,
325,2006,Chemical manufacturing,,660.3,406.5,
325,2007,Chemical manufacturing,,728.8,460.8,
325,2008,Chemical manufacturing,,735.8,470.1,
325,2009,Chemical manufacturing,,621.4,333.4,
325,2010,Chemical manufacturing,,715.7,412.4,
325,2011,Chemical manufacturing,,782.8,476.9,
325,2012,Chemical manufacturing,,794.0,489.1,
325,2013,Chemical manufacturing,,830.1,511.4,
325,2014,Chemical manufacturing,,828.4,504.9,
325,2015,Chemical manufacturing,,779.8,456.5,
325,2016,Chemical manufacturing,,767.7,425.9,
325,2017,Chemical manufacturing,,782.7,437.6,
325,2018,Chemical manufacturing,,825.4,429.2,
325,2019,Chemical manufacturing,,805.7,431.0,
325,2020,Chemical manufacturing,,766.9,372.2,
325,2021,Chemical manufacturing,,897.0,432.5,
325,2022,Chemical manufacturing,,954.1,444.6,
325,2023,Chemical manufacturing,,973.4,458.8,
325,2024,Chemical manufacturing,,995.8,441.8,
339,1997,Miscellaneous mfg (incl. medical devices),,110.6,58.4,
339,1998,Miscellaneous mfg (incl. medical devices),,116.2,60.9,
339,1999,Miscellaneous mfg (incl. medical devices),,115.1,57.4,
339,2000,Miscellaneous mfg (incl. medical devices),,128.8,69.5,
339,2001,Miscellaneous mfg (incl. medical devices),,118.9,61.4,
339,2002,Miscellaneous mfg (incl. medical devices),,126.8,65.8,
339,2003,Miscellaneous mfg (incl. medical devices),,131.8,69.6,
339,2004,Miscellaneous mfg (incl. medical devices),,133.9,70.0,
339,2005,Miscellaneous mfg (incl. medical devices),,148.5,82.3,
339,2006,Miscellaneous mfg (incl. medical devices),,156.3,85.9,
339,2007,Miscellaneous mfg (incl. medical devices),,159.5,87.3,
339,2008,Miscellaneous mfg (incl. medical devices),,169.7,94.1,
339,2009,Miscellaneous mfg (incl. medical devices),,161.3,80.0,
339,2010,Miscellaneous mfg (incl. medical devices),,159.8,76.6,
339,2011,Miscellaneous mfg (incl. medical devices),,162.1,81.6,
339,2012,Miscellaneous mfg (incl. medical devices),,156.6,75.2,
339,2013,Miscellaneous mfg (incl. medical devices),,167.8,87.9,
339,2014,Miscellaneous mfg (incl. medical devices),,163.2,82.9,
339,2015,Miscellaneous mfg (incl. medical devices),,166.5,87.3,
339,2016,Miscellaneous mfg (incl. medical devices),,157.8,73.8,
339,2017,Miscellaneous mfg (incl. medical devices),,158.8,72.2,
339,2018,Miscellaneous mfg (incl. medical devices),,167.3,75.7,
339,2019,Miscellaneous mfg (incl. medical devices),,166.8,75.4,
339,2020,Miscellaneous mfg (incl. medical devices),,157.4,65.3,
339,2021,Miscellaneous mfg (incl. medical devices),,175.1,77.0,
339,2022,Miscellaneous mfg (incl. medical devices),,176.6,75.9,
339,2023,Miscellaneous mfg (incl. medical devices),,175.4,66.8,
339,2024,Miscellaneous mfg (incl. medical devices),,178.2,64.3,
42,1997,Wholesale trade,,747.1,219.6,
42,1998,Wholesale trade,,772.1,209.3,
42,1999,Wholesale trade,,826.3,242.8,
42,2000,Wholesale trade,,880.5,258.6,
42,2001,Wholesale trade,,860.4,247.6,
42,2002,Wholesale trade,,891.9,279.5,
42,2003,Wholesale trade,,929.3,288.5,
42,2004,Wholesale trade,,1019.3,323.2,
42,2005,Wholesale trade,,1107.8,354.9,
42,2006,Wholesale trade,,1196.8,387.3,
42,2007,Wholesale trade,,1270.9,414.8,
42,2008,Wholesale trade,,1327.1,444.4,
42,2009,Wholesale trade,,1154.9,322.9,
42,2010,Wholesale trade,,1359.2,471.6,
42,2011,Wholesale trade,,1530.8,596.0,
42,2012,Wholesale trade,,1655.0,657.3,
42,2013,Wholesale trade,,1753.5,710.8,
42,2014,Wholesale trade,,1857.7,765.6,
42,2015,Wholesale trade,,1904.9,756.3,
42,2016,Wholesale trade,,1923.3,780.4,
42,2017,Wholesale trade,,2053.9,877.7,
42,2018,Wholesale trade,,2175.1,953.0,
42,2019,Wholesale trade,,2232.8,936.0,
42,2020,Wholesale trade,,2125.9,823.7,
42,2021,Wholesale trade,,2537.9,1123.0,
42,2022,Wholesale trade,,2883.6,1289.2,
42,2023,Wholesale trade,,2864.0,1211.3,
42,2024,Wholesale trade,,2939.5,1233.2,
44-45,1997,Retail trade,579.9,857.3,277.4,0.6764
44-45,1998,Retail trade,626.9,891.8,264.9,0.703
44-45,1999,Retail trade,652.8,953.7,300.9,0.6845
44-45,2000,Retail trade,685.4,1000.0,314.6,0.6854
44-45,2001,Retail trade,709.4,992.3,282.9,0.7149
44-45,2002,Retail trade,732.6,1045.3,312.7,0.7009
44-45,2003,Retail trade,769.5,1108.0,338.5,0.6945
44-45,2004,Retail trade,795.5,1190.5,395.1,0.6682
44-45,2005,Retail trade,840.6,1239.7,399.2,0.6781
44-45,2006,Retail trade,869.8,1302.1,432.3,0.668
44-45,2007,Retail trade,869.4,1334.0,464.7,0.6517
44-45,2008,Retail trade,851.4,1277.3,425.9,0.6666
44-45,2009,Retail trade,832.3,1207.9,375.6,0.689
44-45,2010,Retail trade,863.5,1299.7,436.1,0.6644
44-45,2011,Retail trade,883.6,1335.9,452.3,0.6614
44-45,2012,Retail trade,923.4,1403.7,480.4,0.6578
44-45,2013,Retail trade,979.7,1491.6,511.9,0.6568
44-45,2014,Retail trade,1018.2,1575.1,556.9,0.6464
44-45,2015,Retail trade,1081.2,1682.0,600.8,0.6428
44-45,2016,Retail trade,1133.2,1763.1,629.8,0.6427
44-45,2017,Retail trade,1178.9,1846.9,668.0,0.6383
44-45,2018,Retail trade,1223.6,1934.3,710.7,0.6326
44-45,2019,Retail trade,1277.6,1987.9,710.4,0.6427
44-45,2020,Retail trade,1335.2,2069.7,734.5,0.6451
44-45,2021,Retail trade,1537.4,2477.8,940.4,0.6205
44-45,2022,Retail trade,1647.8,2689.4,1041.5,0.6127
44-45,2023,Retail trade,1779.6,2753.1,973.5,0.6464
44-45,2024,Retail trade,1849.0,2834.0,985.0,0.6524
51,1997,Information,394.1,730.6,336.5,0.5394
51,1998,Information,434.6,808.5,373.9,0.5375
51,1999,Information,485.3,913.6,428.3,0.5312
51,2000,Information,471.2,1008.5,537.3,0.4672
51,2001,Information,502.3,1039.2,536.9,0.4834
51,2002,Information,550.5,1046.2,495.7,0.5262
51,2003,Information,564.8,1049.6,484.8,0.5381
51,2004,Information,620.3,1085.6,465.3,0.5714
51,2005,Information,642.0,1132.3,490.3,0.567
51,2006,Information,651.9,1184.2,532.2,0.5505
51,2007,Information,707.5,1220.7,513.2,0.5796
51,2008,Information,743.8,1254.9,511.1,0.5927
51,2009,Information,721.4,1219.6,498.2,0.5915
51,2010,Information,754.9,1268.9,513.9,0.5949
51,2011,Information,763.0,1324.7,561.7,0.576
51,2012,Information,762.7,1382.6,619.9,0.5516
51,2013,Information,835.5,1440.1,604.7,0.5802
51,2014,Information,848.8,1519.8,671.0,0.5585
51,2015,Information,913.1,1587.5,674.3,0.5752
51,2016,Information,974.9,1696.4,721.6,0.5747
51,2017,Information,1010.0,1763.3,753.3,0.5728
51,2018,Information,1041.5,1877.8,836.4,0.5546
51,2019,Information,1142.6,1961.1,818.4,0.5826
51,2020,Information,1181.8,2024.0,842.2,0.5839
51,2021,Information,1312.6,2265.0,952.4,0.5795
51,2022,Information,1383.5,2448.7,1065.2,0.565
51,2023,Information,1491.3,2536.8,1045.5,0.5879
51,2024,Information,1592.7,2687.2,1094.5,0.5927
52,1997,Finance and insurance,577.2,1005.9,428.7,0.5738
52,1998,Finance and insurance,637.9,1113.1,475.1,0.5731
52,1999,Finance and insurance,674.4,1234.6,560.2,0.5462
52,2000,Finance and insurance,744.4,1395.4,651.0,0.5335
52,2001,Finance and insurance,800.3,1381.4,581.0,0.5793
52,2002,Finance and insurance,809.1,1401.6,592.6,0.5773
52,2003,Finance and insurance,843.2,1499.4,656.2,0.5624
52,2004,Finance and insurance,873.2,1613.2,739.9,0.5413
52,2005,Finance and insurance,977.5,1750.8,773.3,0.5583
52,2006,Finance and insurance,1048.3,1885.2,836.9,0.5561
52,2007,Finance and insurance,1029.6,2025.2,995.6,0.5084
52,2008,Finance and insurance,871.3,1992.6,1121.3,0.4373
52,2009,Finance and insurance,967.0,1881.6,914.6,0.5139
52,2010,Finance and insurance,993.2,1917.6,924.4,0.5179
52,2011,Finance and insurance,1022.5,1986.7,964.2,0.5147
52,2012,Finance and insurance,1169.4,2155.9,986.5,0.5424
52,2013,Finance and insurance,1153.5,2301.8,1148.2,0.5011
52,2014,Finance and insurance,1295.7,2473.5,1177.8,0.5238
52,2015,Finance and insurance,1390.6,2576.8,1186.2,0.5397
52,2016,Finance and insurance,1474.9,2643.0,1168.2,0.558
52,2017,Finance and insurance,1508.0,2807.7,1299.7,0.5371
52,2018,Finance and insurance,1574.8,2938.2,1363.4,0.536
52,2019,Finance and insurance,1652.3,3007.9,1355.6,0.5493
52,2020,Finance and insurance,1718.8,3122.2,1403.4,0.5505
52,2021,Finance and insurance,1862.4,3328.8,1466.4,0.5595
52,2022,Finance and insurance,1982.6,3483.0,1500.4,0.5692
52,2023,Finance and insurance,2075.7,3844.7,1769.0,0.5399
52,2024,Finance and insurance,2229.2,4157.3,1928.1,0.5362
54,1997,Professional services,499.7,799.8,300.1,0.6248
54,1998,Professional services,543.1,889.6,346.5,0.6105
54,1999,Professional services,596.1,977.7,381.5,0.6097
54,2000,Professional services,651.7,1073.9,422.2,0.6069
54,2001,Professional services,686.7,1103.5,416.8,0.6223
54,2002,Professional services,714.7,1122.6,407.9,0.6366
54,2003,Professional services,741.3,1171.6,430.3,0.6327
54,2004,Professional services,792.3,1247.5,455.2,0.6351
54,2005,Professional services,852.1,1346.2,494.1,0.633
54,2006,Professional services,917.0,1431.9,514.9,0.6404
54,2007,Professional services,985.4,1544.6,559.2,0.638
54,2008,Professional services,1082.8,1624.2,541.4,0.6667
54,2009,Professional services,1030.9,1559.8,528.9,0.6609
54,2010,Professional services,1065.1,1618.0,552.8,0.6583
54,2011,Professional services,1127.2,1710.8,583.7,0.6589
54,2012,Professional services,1191.8,1785.0,593.2,0.6677
54,2013,Professional services,1211.7,1820.3,608.6,0.6657
54,2014,Professional services,1269.5,1918.4,648.8,0.6617
54,2015,Professional services,1349.7,1994.7,645.0,0.6766
54,2016,Professional services,1396.5,2076.4,679.8,0.6726
54,2017,Professional services,1460.6,2204.0,743.4,0.6627
54,2018,Professional services,1562.1,2340.0,777.9,0.6676
54,2019,Professional services,1653.1,2475.8,822.7,0.6677
54,2020,Professional services,1673.8,2520.8,846.9,0.664
54,2021,Professional services,1885.2,2819.8,934.6,0.6686
54,2022,Professional services,2057.5,3112.0,1054.5,0.6612
54,2023,Professional services,2220.6,3295.4,1074.8,0.6738
54,2024,Professional services,2355.1,3489.5,1134.4,0.6749
61,1997,Educational services,77.1,113.1,36.0,0.6817
61,1998,Educational services,79.9,121.7,41.8,0.6565
61,1999,Educational services,87.7,129.8,42.1,0.6757
61,2000,Educational services,95.2,141.7,46.4,0.6718
61,2001,Educational services,101.7,155.5,53.8,0.654
61,2002,Educational services,106.5,166.2,59.7,0.6408
61,2003,Educational services,116.8,176.5,59.8,0.6618
61,2004,Educational services,129.0,185.3,56.3,0.6962
61,2005,Educational services,133.2,195.1,61.9,0.6827
61,2006,Educational services,142.9,213.5,70.6,0.6693
61,2007,Educational services,151.5,236.6,85.1,0.6403
61,2008,Educational services,167.8,257.3,89.5,0.6522
61,2009,Educational services,188.2,273.5,85.3,0.6881
61,2010,Educational services,199.0,292.9,93.9,0.6794
61,2011,Educational services,206.3,306.4,100.2,0.6733
61,2012,Educational services,214.2,309.6,95.4,0.6919
61,2013,Educational services,217.0,319.3,102.3,0.6796
61,2014,Educational services,224.8,329.6,104.8,0.682
61,2015,Educational services,231.3,339.7,108.3,0.6809
61,2016,Educational services,243.2,349.9,106.7,0.6951
61,2017,Educational services,245.6,357.5,111.9,0.687
61,2018,Educational services,257.2,369.5,112.3,0.6961
61,2019,Educational services,270.3,383.2,112.9,0.7054
61,2020,Educational services,255.6,353.4,97.8,0.7233
61,2021,Educational services,269.9,375.3,105.3,0.7192
61,2022,Educational services,296.1,417.8,121.8,0.7087
61,2023,Educational services,316.4,448.6,132.2,0.7053
61,2024,Educational services,334.8,495.8,161.0,0.6753
61-62,1997,Education + Health care,590.6,929.2,338.7,0.6356
61-62,1998,Education + Health care,615.8,987.7,371.9,0.6235
61-62,1999,Education + Health care,654.1,1038.4,384.3,0.6299
61-62,2000,Education + Health care,695.4,1110.1,414.7,0.6264
61-62,2001,Education + Health care,749.8,1208.4,458.6,0.6205
61-62,2002,Education + Health care,807.0,1307.0,500.0,0.6174
61-62,2003,Education + Health care,862.7,1396.1,533.3,0.6179
61-62,2004,Education + Health care,927.2,1482.9,555.7,0.6253
61-62,2005,Education + Health care,970.2,1579.6,609.4,0.6142
61-62,2006,Education + Health care,1035.3,1675.2,640.0,0.618
61-62,2007,Education + Health care,1088.0,1781.4,693.4,0.6108
61-62,2008,Education + Health care,1185.0,1899.2,714.3,0.6239
61-62,2009,Education + Health care,1267.0,1998.3,731.3,0.634
61-62,2010,Education + Health care,1311.3,2091.6,780.4,0.6269
61-62,2011,Education + Health care,1356.2,2174.6,818.3,0.6237
61-62,2012,Education + Health care,1409.3,2266.9,857.6,0.6217
61-62,2013,Education + Health care,1450.0,2311.0,861.0,0.6274
61-62,2014,Education + Health care,1495.0,2386.4,891.4,0.6265
61-62,2015,Education + Health care,1574.9,2514.2,939.3,0.6264
61-62,2016,Education + Health care,1657.0,2635.1,978.2,0.6288
61-62,2017,Education + Health care,1716.9,2744.3,1027.4,0.6256
61-62,2018,Education + Health care,1792.0,2848.8,1056.9,0.629
61-62,2019,Education + Health care,1884.2,2985.8,1101.5,0.6311
61-62,2020,Education + Health care,1870.7,2894.2,1023.5,0.6464
61-62,2021,Education + Health care,2004.1,3176.3,1172.1,0.631
61-62,2022,Education + Health care,2159.1,3447.5,1288.3,0.6263
61-62,2023,Education + Health care,2360.1,3742.8,1382.8,0.6306
61-62,2024,Education + Health care,2544.2,4083.9,1539.8,0.623
62,1997,Health care and social assistance,513.5,816.1,302.6,0.6292
62,1998,Health care and social assistance,535.8,865.9,330.1,0.6188
62,1999,Health care and social assistance,566.4,908.6,342.2,0.6234
62,2000,Health care and social assistance,600.1,968.4,368.3,0.6197
62,2001,Health care and social assistance,648.1,1052.9,404.8,0.6155
62,2002,Health care and social assistance,700.5,1140.8,440.3,0.614
62,2003,Health care and social assistance,746.0,1219.5,473.6,0.6117
62,2004,Health care and social assistance,798.2,1297.6,499.4,0.6151
62,2005,Health care and social assistance,837.0,1384.5,547.5,0.6046
62,2006,Health care and social assistance,892.4,1461.8,569.4,0.6105
62,2007,Health care and social assistance,936.5,1544.8,608.3,0.6062
62,2008,Health care and social assistance,1017.2,1641.9,624.7,0.6195
62,2009,Health care and social assistance,1078.8,1724.8,646.0,0.6255
62,2010,Health care and social assistance,1112.3,1798.7,686.4,0.6184
62,2011,Health care and social assistance,1149.9,1868.1,718.2,0.6155
62,2012,Health care and social assistance,1195.1,1957.3,762.2,0.6106
62,2013,Health care and social assistance,1233.0,1991.6,758.6,0.6191
62,2014,Health care and social assistance,1270.2,2056.7,786.5,0.6176
62,2015,Health care and social assistance,1343.6,2174.5,831.0,0.6179
62,2016,Health care and social assistance,1413.8,2285.2,871.5,0.6187
62,2017,Health care and social assistance,1471.3,2386.9,915.5,0.6164
62,2018,Health care and social assistance,1534.7,2479.3,944.6,0.619
62,2019,Health care and social assistance,1613.9,2602.6,988.7,0.6201
62,2020,Health care and social assistance,1615.1,2540.8,925.7,0.6357
62,2021,Health care and social assistance,1734.2,2801.0,1066.8,0.6191
62,2022,Health care and social assistance,1863.0,3029.6,1166.6,0.6149
62,2023,Health care and social assistance,2043.7,3294.2,1250.5,0.6204
62,2024,Health care and social assistance,2209.4,3588.2,1378.8,0.6157
621,1997,Ambulatory health care services,250.9,388.0,137.1,0.6466
621,1998,Ambulatory health care services,258.6,407.8,149.2,0.6341
621,1999,Ambulatory health care services,271.3,425.6,154.4,0.6375
621,2000,Ambulatory health care services,288.3,452.4,164.1,0.6373
621,2001,Ambulatory health care services,310.9,492.4,181.5,0.6314
621,2002,Ambulatory health care services,334.1,529.5,195.4,0.631
621,2003,Ambulatory health care services,350.5,566.8,216.3,0.6184
621,2004,Ambulatory health care services,375.1,607.4,232.3,0.6176
621,2005,Ambulatory health care services,396.9,643.0,246.1,0.6173
621,2006,Ambulatory health care services,423.1,671.9,248.8,0.6297
621,2007,Ambulatory health care services,442.5,708.0,265.6,0.625
621,2008,Ambulatory health care services,481.1,745.7,264.7,0.6452
621,2009,Ambulatory health care services,507.2,773.5,266.3,0.6557
621,2010,Ambulatory health care services,532.0,803.3,271.3,0.6623
621,2011,Ambulatory health care services,555.8,833.8,278.1,0.6666
621,2012,Ambulatory health care services,574.6,869.3,294.6,0.661
621,2013,Ambulatory health care services,594.1,872.6,278.5,0.6808
621,2014,Ambulatory health care services,610.9,908.3,297.5,0.6726
621,2015,Ambulatory health care services,642.8,958.7,315.9,0.6705
621,2016,Ambulatory health care services,680.4,1015.1,334.7,0.6703
621,2017,Ambulatory health care services,709.7,1072.3,362.7,0.6618
621,2018,Ambulatory health care services,739.6,1109.2,369.5,0.6668
621,2019,Ambulatory health care services,783.4,1162.3,378.8,0.674
621,2020,Ambulatory health care services,762.6,1109.2,346.6,0.6875
621,2021,Ambulatory health care services,848.4,1247.9,399.5,0.6799
621,2022,Ambulatory health care services,907.2,1353.8,446.5,0.6701
621,2023,Ambulatory health care services,1004.5,1482.5,478.0,0.6776
621,2024,Ambulatory health care services,1079.0,1626.0,547.0,0.6636
622,1997,Hospitals,165.2,271.3,106.1,0.6089
622,1998,Hospitals,173.1,289.8,116.7,0.5973
622,1999,Hospitals,182.3,303.3,121.0,0.6011
622,2000,Hospitals,190.1,320.4,130.3,0.5933
622,2001,Hospitals,206.9,345.7,138.8,0.5985
622,2002,Hospitals,225.9,382.4,156.5,0.5907
622,2003,Hospitals,244.8,408.9,164.1,0.5987
622,2004,Hospitals,265.2,435.5,170.4,0.609
622,2005,Hospitals,274.9,469.8,194.9,0.5851
622,2006,Hospitals,294.7,502.2,207.5,0.5868
622,2007,Hospitals,310.7,530.0,219.3,0.5862
622,2008,Hospitals,339.9,569.4,229.4,0.5969
622,2009,Hospitals,367.4,611.1,243.7,0.6012
622,2010,Hospitals,369.9,636.9,267.0,0.5808
622,2011,Hospitals,382.3,667.9,285.5,0.5724
622,2012,Hospitals,398.5,709.4,310.9,0.5617
622,2013,Hospitals,407.7,730.5,322.8,0.5581
622,2014,Hospitals,419.7,742.6,322.9,0.5652
622,2015,Hospitals,449.1,789.4,340.3,0.5689
622,2016,Hospitals,468.2,821.4,353.1,0.57
622,2017,Hospitals,486.2,846.2,360.0,0.5746
622,2018,Hospitals,505.4,883.6,378.2,0.572
622,2019,Hospitals,525.0,931.2,406.2,0.5638
622,2020,Hospitals,538.4,920.2,381.7,0.5851
622,2021,Hospitals,566.4,1010.1,443.6,0.5607
622,2022,Hospitals,596.2,1085.6,489.4,0.5492
622,2023,Hospitals,643.0,1160.8,517.9,0.5539
622,2024,Hospitals,691.5,1260.8,569.3,0.5485
623,1997,Nursing and residential care,57.9,95.2,37.3,0.6082
623,1998,Nursing and residential care,61.1,102.0,40.9,0.599
623,1999,Nursing and residential care,64.9,105.9,40.9,0.6128
623,2000,Nursing and residential care,69.1,112.5,43.4,0.6142
623,2001,Nursing and residential care,74.5,121.2,46.7,0.6147
623,2002,Nursing and residential care,80.8,128.4,47.6,0.6293
623,2003,Nursing and residential care,85.6,137.4,51.8,0.623
623,2004,Nursing and residential care,90.2,144.5,54.4,0.6242
623,2005,Nursing and residential care,92.8,154.8,62.0,0.5995
623,2006,Nursing and residential care,97.7,163.2,65.5,0.5987
623,2007,Nursing and residential care,102.5,172.6,70.2,0.5939
623,2008,Nursing and residential care,110.5,181.4,70.9,0.6092
623,2009,Nursing and residential care,116.4,186.6,70.2,0.6238
623,2010,Nursing and residential care,120.7,195.7,75.1,0.6168
623,2011,Nursing and residential care,123.2,201.9,78.7,0.6102
623,2012,Nursing and residential care,126.0,209.0,83.0,0.6029
623,2013,Nursing and residential care,129.2,213.8,84.6,0.6043
623,2014,Nursing and residential care,132.8,221.2,88.4,0.6004
623,2015,Nursing and residential care,138.2,231.0,92.8,0.5983
623,2016,Nursing and residential care,143.8,239.6,95.8,0.6002
623,2017,Nursing and residential care,147.4,243.9,96.5,0.6043
623,2018,Nursing and residential care,153.6,250.2,96.6,0.6139
623,2019,Nursing and residential care,158.6,261.3,102.6,0.607
623,2020,Nursing and residential care,164.6,257.7,93.2,0.6387
623,2021,Nursing and residential care,163.2,264.3,101.1,0.6175
623,2022,Nursing and residential care,180.4,286.9,106.5,0.6288
623,2023,Nursing and residential care,196.8,316.9,120.0,0.621
623,2024,Nursing and residential care,212.3,347.0,134.7,0.6118
624,1997,Social assistance,39.5,61.6,22.1,0.6412
624,1998,Social assistance,43.0,66.3,23.3,0.6486
624,1999,Social assistance,47.9,73.8,25.9,0.6491
624,2000,Social assistance,52.6,83.1,30.5,0.633
624,2001,Social assistance,55.8,93.7,37.8,0.5955
624,2002,Social assistance,59.7,100.6,40.8,0.5934
624,2003,Social assistance,65.1,106.4,41.4,0.6118
624,2004,Social assistance,67.7,110.2,42.4,0.6143
624,2005,Social assistance,72.4,116.9,44.5,0.6193
624,2006,Social assistance,76.9,124.4,47.5,0.6182
624,2007,Social assistance,80.8,134.0,53.2,0.603
624,2008,Social assistance,85.7,145.4,59.7,0.5894
624,2009,Social assistance,87.7,153.5,65.8,0.5713
624,2010,Social assistance,89.7,162.8,73.1,0.551
624,2011,Social assistance,88.7,164.6,75.9,0.5389
624,2012,Social assistance,96.0,169.7,73.7,0.5657
624,2013,Social assistance,101.9,174.8,72.8,0.583
624,2014,Social assistance,106.8,184.6,77.8,0.5785
624,2015,Social assistance,113.4,195.4,82.0,0.5803
624,2016,Social assistance,121.3,209.2,87.8,0.5798
624,2017,Social assistance,128.2,224.5,96.3,0.571
624,2018,Social assistance,136.1,236.3,100.2,0.576
624,2019,Social assistance,146.9,247.9,100.9,0.5926
624,2020,Social assistance,149.5,253.7,104.2,0.5893
624,2021,Social assistance,156.1,278.7,122.6,0.5601
624,2022,Social assistance,179.2,303.4,124.2,0.5906
624,2023,Social assistance,199.4,334.0,134.6,0.597
624,2024,Social assistance,226.6,354.4,127.8,0.6394
private,1997,,7432.0,13727.9,6295.9,0.5414
private,1998,,7871.5,14486.7,6615.2,0.5434
private,1999,,8378.8,15438.7,7059.8,0.5427
private,2000,,8927.9,16674.6,7746.7,0.5354
private,2001,,9189.0,16804.1,7615.1,0.5468
private,2002,,9454.7,16957.8,7503.1,0.5575
private,2003,,9904.1,17797.7,7893.6,0.5565
private,2004,,10585.6,19209.6,8624.0,0.5511
private,2005,,11327.8,20893.9,9566.1,0.5422
private,2006,,12022.5,22147.5,10125.0,0.5428
private,2007,,12585.9,23316.2,10730.4,0.5398
private,2008,,12786.8,23902.1,11115.3,0.535
private,2009,,12431.5,21730.8,9299.3,0.5721
private,2010,,12939.5,23141.5,10202.1,0.5591
private,2011,,13461.1,24684.4,11223.3,0.5453
private,2012,,14092.7,25840.9,11748.2,0.5454
private,2013,,14665.5,26957.2,12291.7,0.544
private,2014,,15332.5,28298.6,12966.1,0.5418
private,2015,,15951.0,28662.7,12711.7,0.5565
private,2016,,16413.1,29246.2,12833.2,0.5612
private,2017,,17156.3,30720.5,13564.3,0.5585
private,2018,,18097.8,32562.6,14464.8,0.5558
private,2019,,18909.8,33529.5,14619.7,0.564
private,2020,,18664.0,32447.0,13783.0,0.5752
private,2021,,20917.7,37249.1,16331.4,0.5616
private,2022,,23128.9,41698.3,18569.5,0.5547
private,2023,,24712.8,43405.6,18692.8,0.5693
private,2024,,26001.7,45309.1,19307.4,0.5739
total,1997,All industries,8577.6,,,
total,1998,All industries,9062.8,,,
total,1999,All industries,9631.2,,,
total,2000,All industries,10251.0,,,
total,2001,All industries,10581.9,,,
total,2002,All industries,10929.1,,,
total,2003,All industries,11456.5,,,
total,2004,All industries,12217.2,,,
total,2005,All industries,13039.2,,,
total,2006,All industries,13815.6,,,
total,2007,All industries,14474.2,,,
total,2008,All industries,14769.9,,,
total,2009,All industries,14478.1,,,
total,2010,All industries,15049.0,,,
total,2011,All industries,15599.7,,,
total,2012,All industries,16254.0,,,
total,2013,All industries,16880.7,,,
total,2014,All industries,17608.1,,,
total,2015,All industries,18295.0,,,
total,2016,All industries,18804.9,,,
total,2017,All industries,19612.1,,,
total,2018,All industries,20656.5,,,
total,2019,All industries,21540.0,,,
total,2020,All industries,21375.3,,,
total,2021,All industries,23725.6,,,
total,2022,All industries,26054.6,,,
total,2023,All industries,27811.5,,,
total,2024,All industries,29298.0,,,
